cat_id,name,coat_color,coat_length,age_months,base_weight_kg,favorite_food,favorite_toy,sociability_score,vocalization_level,stress_tendency
001,Mango,white,medium,33,4.2,salmon,feather,2,6,low
002,Oscar,gray,long,33,5.02,beef,laser,3,7,high
003,Opal,orange,long,109,7.45,tuna,string,1,3,low
004,Knox,tabby,long,90,5.71,salmon,feather,1,8,high
005,Lane,tabby,short,103,4.12,chicken,ball,2,2,medium
006,Blaze,black,long,102,3.63,tuna,catnip,2,9,high
007,Ginger,gray,long,15,3.69,salmon,string,2,6,medium
008,Biscuit,white,medium,107,6.62,beef,catnip,5,5,low
009,Autumn,calico,long,53,4.53,salmon,feather,3,10,medium
010,Chloe,white,long,74,4.25,chicken,feather,4,10,low
011,Ace,tabby,medium,84,3.8,beef,string,8,5,high
012,Fox,calico,long,99,4.64,beef,string,8,4,medium
013,Indie,calico,short,54,4.41,beef,catnip,1,10,medium
014,Simba,calico,long,111,5.3,beef,string,8,7,high
015,Mars,orange,medium,76,4.18,chicken,string,10,8,low
016,Coco,black,long,40,4.63,chicken,ball,4,2,high
017,Ace,orange,long,42,5.78,beef,catnip,3,9,high
018,Cash,tabby,medium,50,4.67,salmon,laser,7,10,low
019,Bailey,black,long,115,4.13,salmon,ball,7,5,high
020,Felix,gray,short,89,6.52,turkey,ball,9,2,medium
021,Plum,black,short,67,4.73,beef,laser,2,4,low
022,Raven,tabby,medium,88,3.79,salmon,feather,6,5,high
023,Vera,calico,medium,21,3.64,beef,string,9,9,medium
024,Roxy,orange,long,30,5.54,turkey,string,9,5,medium
025,Midnight,black,medium,75,6.18,tuna,laser,2,7,low
026,Beau,tabby,long,48,7.38,salmon,feather,5,2,low
027,Honey,orange,long,40,6.26,turkey,feather,2,10,medium
028,Jack,calico,long,60,6.17,chicken,ball,1,7,low
029,Peach,gray,medium,91,4.67,tuna,feather,5,7,low
030,Finn,calico,medium,84,6.78,tuna,feather,3,2,high
031,Yale,tabby,short,81,5.93,beef,ball,3,8,high
032,Wade,calico,long,37,4.95,turkey,ball,8,3,low
033,Willa,orange,medium,60,4.55,turkey,ball,9,6,medium
034,Sage,white,long,20,4.33,salmon,ball,3,5,high
035,Halo,black,short,92,6.05,beef,catnip,6,3,low
036,Oona,gray,long,81,5.57,turkey,string,6,7,low
037,Jax,black,long,79,5.95,chicken,feather,4,6,low
038,Jasmine,gray,short,112,5.46,chicken,feather,7,6,medium
039,Echo,white,long,11,2.36,turkey,string,7,6,low
040,Abby,white,medium,66,6.61,salmon,catnip,7,7,medium
041,Yara,calico,medium,15,3.27,beef,string,6,6,medium
042,Chester,white,medium,39,5.52,tuna,string,5,6,low
043,Emma,white,long,114,6.65,turkey,laser,2,3,high
044,Felix,orange,short,17,3.09,tuna,catnip,9,2,medium
045,Nala,orange,medium,52,5.72,turkey,catnip,3,10,low
046,Yuki,white,long,17,3.52,beef,laser,4,3,medium
047,Dex,orange,medium,69,7.18,beef,catnip,2,10,high
048,Bear,white,medium,98,4.76,turkey,string,5,6,medium
049,June,gray,short,95,7.49,tuna,laser,9,3,high
050,Jax,orange,long,70,5.0,turkey,feather,10,5,medium
051,Zara,white,long,118,5.72,turkey,catnip,4,9,high
052,Yuki,calico,medium,54,7.43,tuna,laser,1,6,low
053,Simba,calico,short,6,1.86,chicken,ball,5,8,low
054,Skye,calico,short,56,7.81,beef,catnip,10,2,high
055,Smokey,black,medium,44,7.2,turkey,catnip,4,3,medium
056,Coda,black,short,55,6.29,salmon,feather,7,2,high
057,Boots,gray,medium,82,7.34,chicken,string,1,2,high
058,June,calico,long,14,3.98,beef,catnip,5,7,medium
059,Pike,calico,long,71,5.51,chicken,catnip,10,9,high
060,Angel,orange,short,55,7.19,turkey,catnip,9,7,low
061,Duke,black,short,116,4.0,chicken,feather,4,9,high
062,Gus,white,short,7,1.97,beef,feather,4,6,high
063,Hazel,calico,medium,57,4.62,tuna,feather,7,6,high
064,Shadow,tabby,long,51,6.76,salmon,feather,8,7,high
065,Xara,tabby,medium,57,5.57,beef,string,7,5,high
066,Axel,orange,medium,57,7.37,turkey,ball,2,3,medium
067,Nash,tabby,medium,38,4.48,chicken,laser,6,2,low
068,Yara,orange,medium,69,7.26,chicken,catnip,7,7,low
069,Knox,gray,short,37,7.14,salmon,feather,6,4,low
070,Jax,white,long,20,3.58,turkey,laser,10,6,low
071,Tango,tabby,medium,79,6.78,beef,catnip,1,5,low
072,Pumpkin,calico,short,22,4.19,chicken,catnip,8,7,medium
073,Whiskers,tabby,short,62,3.63,tuna,ball,1,3,medium
074,Rosie,orange,long,45,6.86,chicken,laser,1,6,low
075,Titan,calico,long,100,6.47,turkey,laser,5,7,high
076,Blue,orange,short,30,4.54,salmon,ball,6,2,medium
077,Ziggy,gray,short,74,4.88,beef,catnip,6,10,high
078,Yuki,tabby,short,23,3.14,beef,feather,8,6,medium
079,Buster,black,long,66,6.99,chicken,catnip,3,10,medium
080,Snowball,black,short,10,1.65,tuna,catnip,4,1,low
081,Star,white,medium,87,4.44,salmon,catnip,8,3,medium
082,Olive,black,medium,108,6.34,beef,string,5,8,low
083,Onyx,calico,medium,63,7.67,salmon,ball,7,2,high
084,Toby,gray,medium,94,3.65,beef,catnip,8,10,medium
085,Buster,calico,short,25,6.8,beef,catnip,4,9,high
086,Fern,calico,short,64,4.5,beef,laser,9,4,low
087,Cash,white,short,68,5.36,salmon,catnip,3,5,low
088,Faye,calico,long,120,4.58,beef,catnip,2,4,medium
089,Quinn,gray,medium,99,5.49,tuna,ball,8,8,low
090,Felix,gray,short,44,5.23,salmon,catnip,4,8,low
091,Socks,calico,medium,75,7.57,chicken,feather,10,3,medium
092,Dusty,orange,long,7,1.74,tuna,laser,6,1,low
093,Hope,tabby,long,26,4.66,beef,laser,7,2,medium
094,Gaia,black,long,50,7.67,chicken,laser,10,7,low
095,Peanut,tabby,medium,120,3.63,beef,laser,8,6,medium
096,Faye,black,long,69,3.76,turkey,catnip,1,1,high
097,Murphy,gray,long,112,5.62,chicken,catnip,9,5,low
098,Maggie,tabby,short,55,6.99,salmon,string,8,10,medium
099,Smokey,orange,long,119,6.19,chicken,feather,9,8,high
100,Echo,black,medium,38,6.75,tuna,catnip,3,9,low
101,Jasmine,white,short,77,4.82,chicken,laser,8,3,low
102,Xara,gray,long,36,7.77,tuna,ball,10,6,high
103,Ziggy,tabby,long,68,3.81,tuna,catnip,6,6,low
104,Ruby,calico,medium,112,5.32,beef,feather,7,4,low
105,Simba,orange,long,112,4.45,tuna,feather,7,8,medium
106,Rain,calico,medium,38,7.44,beef,catnip,6,8,high
107,Opal,gray,short,82,7.39,tuna,catnip,6,7,high
108,Iris,calico,medium,17,5.18,salmon,laser,8,7,high
109,Opal,calico,long,9,2.05,salmon,string,10,10,medium
110,Scout,white,short,67,6.55,tuna,catnip,1,5,high
111,Zara,white,short,75,5.55,chicken,catnip,9,9,medium
112,Iris,tabby,long,58,3.75,tuna,string,10,3,medium
113,Abby,white,short,25,5.46,tuna,laser,3,2,low
114,Cash,black,long,109,6.87,chicken,catnip,4,8,medium
115,Archer,orange,short,73,5.27,salmon,laser,6,3,high
116,Ember,white,short,75,4.91,salmon,laser,8,6,medium
117,Echo,orange,long,9,1.65,turkey,feather,4,6,high
118,Dex,orange,short,34,3.87,chicken,string,10,9,high
119,Sophie,gray,medium,80,4.48,chicken,laser,1,9,low
120,Frost,white,short,81,5.88,turkey,laser,2,10,medium
121,Lucy,tabby,medium,32,5.28,chicken,catnip,2,3,high
122,Smokey,orange,medium,38,7.29,salmon,feather,2,4,medium
123,Raven,white,long,95,7.18,salmon,laser,2,8,low
124,Ezra,calico,short,68,7.48,turkey,string,5,2,medium
125,Hazel,gray,medium,59,6.19,beef,catnip,9,7,high
126,Sage,white,short,109,6.38,tuna,string,8,2,low
127,Lucy,white,medium,93,7.24,chicken,ball,9,1,low
128,Sage,calico,short,19,4.11,turkey,ball,7,4,high
129,Oona,gray,medium,50,7.31,salmon,laser,10,7,medium
130,Daisy,tabby,long,83,5.79,tuna,catnip,10,2,high
131,Hazel,tabby,medium,117,7.57,turkey,ball,4,7,low
132,Vera,gray,short,102,3.57,turkey,ball,8,6,medium
133,Cara,calico,long,43,4.37,tuna,string,7,6,high
134,Kira,black,long,93,5.41,chicken,laser,6,4,low
135,Emma,tabby,medium,85,5.48,chicken,catnip,2,6,medium
136,Buttons,black,short,14,3.12,beef,laser,3,5,high
137,Rune,calico,medium,80,4.93,chicken,feather,6,5,low
138,Midnight,orange,short,96,7.07,chicken,ball,3,7,low
139,Sage,gray,long,12,5.14,beef,catnip,5,3,high
140,Rocky,black,medium,98,7.48,turkey,feather,6,6,high
141,Jack,tabby,medium,84,6.78,tuna,ball,5,3,high
142,Olive,calico,long,55,4.21,salmon,laser,10,4,medium
143,Rusty,white,long,17,5.22,beef,ball,10,9,high
144,Sage,white,medium,31,6.33,tuna,feather,3,8,medium
145,Zara,gray,medium,72,5.2,beef,feather,6,2,low
146,Axel,tabby,long,79,6.89,chicken,feather,7,1,low
147,Aspen,white,medium,88,4.1,tuna,string,6,10,high
148,Lily,white,short,28,4.08,salmon,string,8,3,medium
149,Angel,calico,short,42,5.34,turkey,string,2,4,low
150,Zephyr,gray,long,27,6.63,beef,catnip,1,9,medium
151,Buster,calico,short,57,7.92,chicken,ball,8,5,low
152,Beau,white,medium,15,4.28,beef,ball,10,6,low
153,Blaze,tabby,medium,7,2.51,tuna,catnip,6,8,medium
154,Yuki,white,short,30,5.36,turkey,string,7,1,low
155,Axel,calico,long,35,6.8,salmon,laser,2,8,medium
156,Lane,white,long,41,6.18,beef,catnip,10,5,low
157,Coda,calico,medium,51,4.72,salmon,laser,9,2,high
158,Tate,white,medium,112,3.75,tuna,catnip,10,8,low
159,Elle,tabby,long,104,4.91,chicken,laser,10,5,medium
160,Titan,black,long,100,5.26,tuna,laser,9,2,low
161,Ryder,gray,short,43,6.95,salmon,catnip,10,2,medium
162,Pumpkin,gray,short,75,3.93,beef,laser,10,3,medium
163,Opal,black,short,12,4.07,turkey,feather,4,7,high
164,Sam,orange,long,77,6.3,chicken,feather,10,2,medium
165,Ember,black,short,77,4.25,tuna,feather,6,10,medium
166,Rain,calico,long,120,6.45,turkey,feather,8,8,low
167,Mango,white,long,20,4.16,salmon,string,8,9,low
168,Star,tabby,medium,12,3.95,turkey,feather,5,2,low
169,Cookie,calico,long,103,6.64,turkey,laser,1,7,low
170,Peach,gray,medium,109,4.01,chicken,laser,5,9,high
171,Tiger,tabby,short,16,3.08,salmon,catnip,7,1,high
172,Autumn,tabby,long,83,7.37,tuna,feather,4,2,low
173,Xara,white,long,48,5.61,salmon,feather,4,2,medium
174,Coco,calico,medium,69,3.96,chicken,ball,7,9,low
175,Zephyr,orange,long,8,2.54,chicken,ball,5,10,high
176,Aspen,calico,short,84,5.45,chicken,laser,6,7,high
177,Sadie,gray,long,52,6.55,tuna,ball,4,6,low
178,Dex,tabby,medium,93,4.33,tuna,feather,6,10,medium
179,Ryder,black,short,93,4.91,tuna,catnip,5,2,medium
180,Zane,gray,medium,36,7.11,tuna,feather,8,4,low
181,Cruz,white,medium,25,4.86,tuna,catnip,6,2,high
182,Scout,gray,long,64,4.71,turkey,ball,5,5,low
183,Rex,calico,short,51,7.92,turkey,catnip,2,3,high
184,Bree,tabby,long,60,6.57,tuna,ball,6,2,low
185,Fern,black,short,110,4.92,tuna,string,10,1,low
186,Beau,white,long,59,5.27,salmon,feather,1,4,high
187,Bliss,white,long,19,4.36,turkey,catnip,5,10,medium
188,Cookie,gray,short,36,7.01,salmon,ball,8,1,medium
189,Cara,white,long,63,5.92,beef,feather,5,2,high
190,Tate,white,medium,87,6.64,tuna,ball,7,4,high
191,Iris,orange,short,41,3.55,beef,laser,7,9,high
192,Echo,calico,short,87,4.47,turkey,catnip,7,8,medium
193,Nora,black,long,76,3.57,chicken,laser,6,5,high
194,Mango,black,short,108,7.76,salmon,string,1,3,high
195,Ziggy,calico,short,40,7.08,beef,feather,2,10,low
196,Muffin,orange,short,58,5.88,salmon,ball,3,1,high
197,Zane,calico,medium,49,3.67,beef,string,10,8,medium
198,Ruby,tabby,long,99,5.73,chicken,ball,7,2,medium
199,Biscuit,gray,long,76,7.33,tuna,laser,8,10,high
200,Smokey,tabby,short,92,4.3,turkey,laser,3,7,low
201,Elle,orange,short,56,6.94,turkey,laser,3,4,high
202,Yale,orange,short,68,6.11,tuna,ball,3,2,medium
203,Halo,orange,medium,26,3.55,chicken,laser,2,2,medium
204,Fox,tabby,long,93,5.23,turkey,catnip,7,8,high
205,Lux,gray,long,59,7.53,chicken,string,2,9,low
206,Jax,white,long,118,3.77,salmon,ball,5,9,high
207,Clover,gray,short,28,4.22,salmon,catnip,10,1,medium
208,Scout,black,long,98,5.54,beef,laser,6,10,low
209,Bliss,calico,medium,100,6.11,tuna,ball,10,9,low
210,Willow,gray,long,9,3.3,salmon,ball,2,5,high
211,Dex,gray,long,35,4.18,turkey,catnip,4,6,high
212,Storm,orange,long,73,7.85,chicken,feather,10,8,high
213,Scout,calico,medium,105,7.51,turkey,catnip,1,6,medium
214,Sunny,black,short,14,4.85,salmon,string,4,4,medium
215,Louie,tabby,short,9,1.82,chicken,string,5,3,high
216,Faye,orange,short,8,1.58,turkey,ball,7,4,medium
217,Uma,tabby,medium,30,4.46,salmon,string,8,4,high
218,Sophie,tabby,short,63,4.62,turkey,catnip,7,1,low
219,Bear,tabby,long,75,6.78,turkey,ball,9,1,low
220,Vale,black,short,71,7.39,salmon,ball,10,1,low
221,Lux,white,long,10,1.82,tuna,catnip,2,10,high
222,Yale,orange,long,112,4.3,turkey,ball,10,4,high
223,Grey,tabby,short,51,3.66,chicken,catnip,10,5,low
224,Vera,tabby,short,60,6.51,tuna,feather,1,6,low
225,Rosie,white,short,16,5.1,chicken,ball,1,4,medium
226,Jasmine,orange,medium,117,6.49,turkey,string,8,10,low
227,Biscuit,orange,medium,44,5.67,beef,feather,8,3,medium
228,Lane,orange,medium,78,5.72,beef,ball,5,8,high
229,Chester,orange,medium,114,3.73,turkey,ball,6,8,low
230,Ruby,black,long,81,6.53,salmon,feather,4,6,medium
231,Gracie,white,long,38,7.35,turkey,laser,7,9,medium
232,Ivy,gray,short,80,4.04,tuna,string,7,2,medium
233,Mars,orange,medium,18,5.18,turkey,string,7,9,medium
234,Hope,orange,medium,88,5.73,chicken,catnip,7,8,low
235,Tucker,orange,short,18,4.98,salmon,string,7,1,low
236,Oliver,white,long,18,3.34,chicken,string,7,6,medium
237,Koda,black,long,44,7.68,beef,string,8,7,low
238,Biscuit,calico,long,18,3.19,salmon,catnip,3,3,medium
239,Mars,tabby,short,80,3.74,chicken,string,9,4,high
240,Ryder,gray,short,21,5.2,turkey,string,10,3,medium
241,Pepper,white,long,84,7.72,tuna,ball,2,8,low
242,Ginger,black,long,43,5.65,turkey,ball,7,8,low
243,Ember,black,long,37,6.22,turkey,laser,8,3,high
244,Lucky,calico,long,64,6.93,beef,feather,8,1,low
245,Beau,calico,long,80,4.06,salmon,feather,4,5,high
246,Chloe,white,long,19,3.51,turkey,laser,9,8,high
247,Vera,black,long,44,4.44,salmon,ball,1,1,medium
248,Yara,calico,short,91,4.44,beef,catnip,3,1,low
249,Maya,white,short,44,5.48,tuna,laser,10,5,medium
250,Kira,gray,short,21,5.49,beef,string,4,2,low
251,Knox,tabby,long,83,5.63,salmon,feather,9,7,high
252,Fiona,white,medium,91,4.95,turkey,laser,3,8,medium
253,Boots,gray,medium,104,5.56,salmon,feather,7,6,low
254,Phoenix,white,medium,46,5.06,tuna,ball,9,8,high
255,Boots,gray,long,118,4.86,tuna,catnip,2,8,low
256,Angel,gray,short,107,7.71,salmon,laser,3,7,high
257,Leo,orange,medium,64,4.89,tuna,ball,8,4,high
258,Whiskers,white,long,101,4.25,beef,catnip,2,5,high
259,Quinn,tabby,medium,97,5.42,salmon,feather,5,8,low
260,Noel,black,short,119,3.99,tuna,catnip,6,10,high
261,Chloe,calico,long,73,4.14,tuna,string,8,4,high
262,Honey,orange,long,62,7.53,tuna,string,3,5,high
263,Louie,calico,medium,57,7.38,turkey,string,1,1,medium
264,Olive,orange,medium,22,4.32,chicken,feather,2,3,medium
265,Gus,black,medium,116,5.05,tuna,string,1,4,low
266,Mittens,black,long,54,5.02,tuna,feather,4,7,low
267,Beau,white,medium,98,4.27,beef,feather,9,5,low
268,Yale,calico,short,60,6.01,chicken,catnip,2,4,low
269,River,calico,long,16,3.57,salmon,ball,3,1,high
270,Willa,black,long,90,6.77,chicken,ball,9,5,medium
271,Zane,calico,long,104,4.24,turkey,ball,6,3,medium
272,Oreo,calico,medium,22,3.13,turkey,ball,8,8,low
273,Nala,gray,medium,41,7.6,beef,string,5,4,high
274,Jasper,black,short,87,6.77,salmon,string,2,4,high
275,Milo,gray,short,85,4.39,beef,string,1,8,low
276,Luna,tabby,short,9,3.18,turkey,catnip,6,1,medium
277,Raven,white,medium,70,5.3,salmon,feather,2,8,medium
278,Aspen,gray,short,33,6.09,turkey,laser,10,4,medium
279,Kiwi,gray,long,87,5.85,tuna,ball,5,3,medium
280,Daisy,calico,long,49,6.96,turkey,laser,1,3,low
281,Lily,tabby,long,90,6.93,turkey,catnip,9,4,high
282,Vale,white,short,111,4.44,turkey,feather,5,4,low
283,Dash,calico,short,54,5.44,beef,laser,5,7,high
284,Simba,white,medium,44,7.85,chicken,feather,6,5,high
285,Iris,white,long,52,6.47,chicken,ball,2,2,medium
286,Leo,white,medium,10,3.47,chicken,feather,4,5,low
287,Chloe,white,short,111,4.89,tuna,laser,7,5,high
288,Storm,calico,short,36,4.5,tuna,catnip,10,3,medium
289,Xena,calico,long,82,4.65,salmon,laser,6,9,high
290,Nash,gray,medium,59,6.3,tuna,catnip,9,4,low
291,Nova,white,long,10,3.36,turkey,catnip,2,7,low
292,Mia,calico,short,77,3.68,chicken,laser,5,7,low
293,Sam,calico,long,14,4.35,salmon,feather,1,6,low
294,Zara,gray,medium,52,6.34,beef,feather,5,3,high
295,Willow,orange,long,63,7.35,chicken,feather,6,3,low
296,Autumn,orange,short,72,6.27,beef,laser,4,1,low
297,Raven,black,long,52,6.72,beef,catnip,8,10,medium
298,Onyx,black,short,60,6.45,turkey,ball,9,10,medium
299,Louie,tabby,medium,48,6.88,chicken,ball,9,7,high
300,Juno,calico,long,78,7.04,chicken,catnip,3,6,high
301,Whiskers,orange,long,84,5.06,salmon,ball,9,10,low
302,Tiger,tabby,short,36,5.19,tuna,catnip,6,4,medium
303,Echo,white,long,24,7.57,turkey,laser,7,10,medium
304,Peanut,black,long,48,4.87,chicken,ball,7,3,high
305,Xena,gray,short,62,3.5,turkey,string,4,10,medium
306,Autumn,gray,long,52,6.05,beef,feather,10,9,low
307,Angel,orange,medium,28,6.19,chicken,catnip,1,8,low
308,Tate,gray,short,35,7.01,tuna,feather,10,2,low
309,Louie,white,short,74,7.43,tuna,catnip,8,9,high
310,Ezra,tabby,medium,115,7.56,turkey,ball,7,6,low
311,Oreo,tabby,short,15,3.03,tuna,string,6,9,high
312,Mango,gray,long,71,3.86,beef,laser,6,2,medium
313,Socks,black,medium,49,4.33,tuna,laser,10,10,low
314,Koda,calico,medium,81,3.68,salmon,catnip,10,2,low
315,Mango,gray,short,21,4.8,beef,ball,7,5,medium
316,Bree,orange,medium,37,5.49,beef,feather,10,7,medium
317,Misty,calico,long,63,7.65,turkey,laser,5,9,low
318,Tango,calico,long,24,4.14,salmon,ball,9,5,medium
319,June,gray,short,76,4.12,turkey,string,5,9,high
320,River,gray,long,42,5.31,turkey,string,10,1,low
321,Buddy,calico,long,76,7.61,beef,string,7,8,low
322,Buster,white,long,99,5.54,chicken,feather,5,7,low
323,Frost,calico,long,44,6.6,tuna,string,2,1,medium
324,Onyx,gray,medium,74,5.22,turkey,laser,2,10,medium
325,Dex,black,long,112,6.66,beef,laser,3,7,low
326,Wade,calico,long,62,7.41,tuna,catnip,4,10,high
327,Koda,calico,short,36,6.54,tuna,ball,4,4,medium
328,Lucky,black,short,45,6.08,tuna,catnip,6,8,high
329,Ginger,gray,long,59,6.86,beef,ball,6,5,high
330,Sage,orange,short,96,7.85,beef,laser,3,3,medium
331,Honey,tabby,medium,90,4.94,chicken,laser,3,3,medium
332,Skye,calico,short,48,3.8,beef,catnip,1,1,high
333,Quest,gray,medium,73,3.95,beef,laser,9,10,low
334,Aspen,orange,long,73,5.72,tuna,string,3,3,high
335,Wade,orange,short,68,5.09,turkey,laser,5,8,high
336,Muffin,black,medium,10,1.79,tuna,string,2,4,low
337,Koda,orange,short,12,4.56,salmon,feather,8,8,low
338,Coco,white,short,50,4.98,turkey,laser,8,8,low
339,Vera,gray,medium,15,3.07,tuna,catnip,5,1,medium
340,Otis,orange,long,14,4.9,turkey,string,4,5,low
341,Iris,white,long,22,5.04,chicken,laser,7,8,low
342,Plum,white,medium,87,5.8,chicken,ball,8,9,medium
343,Wade,white,medium,58,4.42,beef,string,6,1,high
344,Bandit,calico,long,68,7.15,turkey,feather,2,8,low
345,Midnight,black,long,55,6.93,salmon,string,7,9,high
346,Lola,tabby,short,38,6.78,salmon,laser,4,6,high
347,Ezra,calico,long,7,2.29,chicken,ball,2,6,high
348,Angel,calico,medium,81,4.12,tuna,feather,1,7,low
349,Lola,white,long,39,6.17,turkey,laser,8,6,low
350,Honey,black,medium,37,7.24,turkey,string,3,10,low
351,Rune,calico,short,36,4.76,turkey,ball,2,8,low
352,Rain,orange,medium,8,3.09,turkey,string,6,2,high
353,Jasper,tabby,medium,92,5.35,salmon,feather,6,6,low
354,Elle,black,short,35,5.89,salmon,string,5,1,medium
355,Hank,tabby,medium,30,7.51,turkey,feather,7,10,high
356,Nova,orange,short,27,7.73,chicken,laser,10,9,high
357,Misty,black,medium,72,4.51,salmon,laser,6,7,high
358,Zoey,black,medium,77,6.67,tuna,feather,8,7,medium
359,Kira,orange,short,116,7.29,tuna,string,7,6,medium
360,Coral,calico,medium,86,6.08,beef,catnip,9,9,high
361,Lucy,white,medium,11,3.33,beef,laser,2,2,high
362,Zara,gray,short,86,7.36,tuna,feather,8,4,high
363,Zephyr,orange,long,11,2.89,salmon,laser,1,6,low
364,Bree,gray,medium,77,5.65,turkey,string,2,1,medium
365,Cruz,tabby,short,54,5.16,beef,feather,2,3,low
366,Plum,tabby,long,53,4.5,salmon,catnip,1,10,high
367,Knox,orange,short,111,4.1,salmon,ball,10,8,medium
368,Pumpkin,calico,long,28,7.07,beef,laser,10,6,low
369,Ginger,calico,short,51,6.45,turkey,string,10,6,medium
370,Rain,gray,medium,68,3.91,beef,laser,7,7,low
371,Hawk,orange,medium,100,5.24,chicken,ball,7,5,medium
372,Shadow,calico,medium,30,4.01,salmon,feather,7,5,high
373,Ryder,tabby,long,66,4.79,chicken,feather,5,1,high
374,Yara,black,long,37,3.66,salmon,feather,3,7,low
375,Willa,tabby,long,77,4.45,salmon,laser,3,9,medium
376,Poppy,gray,short,18,4.91,beef,ball,4,10,medium
377,Sage,orange,long,102,7.95,turkey,string,1,10,low
378,Hazel,orange,short,47,7.06,turkey,feather,2,4,low
379,Sage,calico,long,115,5.3,beef,laser,1,7,low
380,Vera,white,short,35,6.95,beef,feather,3,3,high
381,Oreo,black,medium,98,5.86,chicken,ball,2,1,low
382,Oona,orange,medium,108,5.09,turkey,feather,5,5,medium
383,Knox,tabby,short,70,7.72,salmon,laser,7,7,low
384,Echo,white,medium,91,6.12,beef,laser,9,8,high
385,Ruby,gray,long,46,3.56,tuna,catnip,10,7,high
386,Milo,calico,short,41,3.96,salmon,catnip,3,6,high
387,Hank,tabby,short,31,6.16,turkey,catnip,7,3,medium
388,Cara,gray,short,22,3.7,chicken,string,4,1,low
389,Rosie,orange,long,22,3.07,beef,feather,10,10,high
390,Coco,white,short,50,6.56,tuna,feather,9,1,low
391,Jade,orange,long,85,6.85,salmon,string,1,2,medium
392,Star,calico,long,90,5.51,turkey,string,6,6,low
393,Jack,tabby,medium,109,5.66,salmon,ball,2,4,medium
394,Fluffy,black,medium,108,5.05,turkey,feather,9,10,high
395,Ace,gray,long,95,4.57,chicken,catnip,2,9,high
396,Stella,calico,short,75,6.87,chicken,laser,1,5,high
397,Axel,black,medium,41,7.36,turkey,string,9,1,high
398,Storm,orange,short,21,4.95,chicken,laser,1,8,high
399,Gaia,gray,short,106,7.39,turkey,string,7,9,low
400,Chester,tabby,medium,74,7.83,tuna,feather,3,8,high
401,Otis,calico,short,11,2.04,tuna,string,6,5,low
402,Coco,calico,long,92,4.53,beef,feather,8,8,high
403,Hank,white,short,116,5.98,beef,feather,9,9,medium
404,Pickles,white,medium,99,3.56,chicken,catnip,3,5,medium
405,Gage,tabby,medium,88,5.78,turkey,string,2,6,high
406,Bailey,tabby,medium,70,6.31,turkey,laser,2,6,low
407,Raven,black,long,31,4.69,beef,catnip,5,3,high
408,Sage,orange,short,74,7.1,beef,ball,2,10,high
409,Mittens,orange,medium,48,4.96,salmon,laser,6,8,medium
410,Willa,white,short,23,4.14,salmon,catnip,1,10,medium
411,Axel,orange,long,72,5.91,salmon,laser,5,7,high
412,Zara,orange,long,51,6.21,turkey,laser,2,2,high
413,Harley,black,medium,37,7.23,salmon,catnip,1,7,low
414,Knox,white,short,27,3.61,chicken,string,6,4,high
415,Pike,gray,long,9,3.27,tuna,ball,5,2,low
416,Cara,gray,long,37,6.81,beef,string,2,4,medium
417,June,orange,short,6,3.15,turkey,catnip,3,5,medium
418,Finn,black,medium,93,4.94,turkey,ball,10,8,high
419,Knox,calico,long,11,1.73,turkey,laser,8,10,low
420,Ryder,tabby,short,29,6.91,chicken,catnip,9,9,medium
421,Yuki,black,long,99,7.79,tuna,string,3,5,medium
422,Titan,tabby,long,69,3.96,turkey,laser,2,7,low
423,Tiger,calico,short,41,3.65,chicken,feather,2,6,high
424,Buddy,calico,medium,89,5.35,salmon,feather,3,9,medium
425,Toby,tabby,medium,81,5.28,chicken,string,8,8,low
426,Quest,orange,short,76,5.74,turkey,string,5,7,high
427,Ezra,calico,short,43,4.94,salmon,laser,1,7,high
428,Ezra,tabby,long,70,5.88,tuna,feather,9,9,low
429,Dawn,black,short,110,5.77,salmon,feather,7,2,low
430,Bliss,tabby,medium,35,7.41,tuna,catnip,4,7,medium
431,Chester,gray,short,28,6.9,beef,catnip,3,2,low
432,Dawn,orange,long,60,6.19,salmon,string,9,3,medium
433,Brix,calico,long,95,3.79,salmon,feather,4,8,low
434,Xena,gray,long,64,7.29,turkey,ball,7,5,low
435,Indie,gray,short,99,7.42,turkey,feather,9,7,medium
436,Hank,white,medium,16,5.46,tuna,string,4,3,high
437,Mittens,tabby,short,73,6.4,beef,ball,5,2,high
438,Noel,orange,long,45,6.74,tuna,string,4,1,medium
439,Coral,calico,medium,52,4.31,beef,catnip,5,2,high
440,Abby,tabby,medium,84,5.05,beef,laser,3,2,high
441,Elle,calico,medium,83,4.29,salmon,laser,3,8,medium
442,Kira,orange,long,56,6.45,tuna,laser,3,3,high
443,River,gray,short,20,3.01,beef,feather,7,3,high
444,Coco,calico,long,118,6.2,tuna,feather,3,1,low
445,Ace,black,medium,51,3.88,tuna,ball,7,3,high
446,Chester,tabby,short,36,5.95,turkey,string,3,9,high
447,Abby,white,medium,117,7.62,salmon,ball,10,5,high
448,Princess,white,long,111,7.34,turkey,ball,7,9,low
449,Lane,white,short,29,5.56,turkey,catnip,1,1,low
450,Smokey,tabby,short,115,7.36,tuna,ball,1,10,medium
451,Nash,calico,short,80,5.94,tuna,string,8,6,high
452,Sage,black,short,32,4.64,tuna,ball,5,6,medium
453,Zeus,black,short,9,1.93,chicken,string,5,8,low
454,Maggie,white,short,120,4.99,tuna,ball,3,3,low
455,Phoenix,orange,short,104,5.21,beef,laser,10,1,low
456,Milo,tabby,long,60,6.41,beef,catnip,3,1,low
457,Blue,gray,medium,93,3.78,turkey,laser,5,9,medium
458,Ezra,gray,long,115,4.71,beef,catnip,2,7,low
459,Echo,calico,short,100,4.83,beef,laser,5,2,high
460,June,tabby,long,30,3.67,turkey,catnip,7,4,low
461,Iris,orange,short,70,4.92,chicken,laser,2,10,high
462,Axel,gray,medium,64,4.89,beef,ball,4,2,medium
463,Hank,black,medium,52,5.45,salmon,string,7,7,medium
464,Cooper,gray,short,63,5.74,salmon,ball,10,7,medium
465,Sage,gray,short,111,6.85,chicken,string,10,5,high
466,Echo,calico,medium,24,5.91,tuna,feather,9,5,low
467,Axel,calico,long,117,5.41,chicken,laser,4,5,low
468,Tate,tabby,medium,91,7.7,salmon,catnip,4,2,medium
469,Grey,orange,long,111,3.82,salmon,feather,2,4,medium
470,Fluffy,black,short,82,3.63,turkey,feather,7,10,medium
471,Sage,calico,long,93,3.62,beef,ball,10,10,high
472,Hank,tabby,long,73,6.43,chicken,laser,9,1,high
473,Sunny,black,short,106,6.06,tuna,laser,9,2,high
474,Nova,black,medium,74,7.82,beef,laser,9,5,low
475,Peanut,calico,short,93,7.67,salmon,ball,1,10,medium
476,Kiwi,gray,short,30,7.96,turkey,feather,2,3,high
477,Luna,black,short,75,6.11,salmon,catnip,2,5,medium
478,Star,white,long,72,3.62,tuna,ball,7,6,low
479,Tiger,calico,medium,10,1.86,beef,laser,6,9,high
480,Vale,white,short,89,4.55,chicken,string,1,8,medium
481,Sunny,black,medium,45,4.47,chicken,laser,2,1,low
482,Bree,orange,long,24,4.47,turkey,ball,8,1,high
483,Blue,black,short,92,5.15,tuna,feather,8,1,medium
484,Beau,black,medium,27,4.22,chicken,laser,9,9,low
485,Rocky,calico,medium,6,1.78,tuna,feather,10,10,medium
486,Charlie,calico,short,107,3.84,turkey,ball,1,9,medium
487,Raven,calico,long,112,7.03,turkey,ball,8,3,medium
488,Otis,white,short,72,7.47,tuna,feather,3,6,high
489,Mars,black,long,47,4.24,beef,ball,4,5,high
490,Ryder,tabby,short,79,6.29,turkey,ball,9,2,medium
491,Cleo,black,medium,96,4.39,chicken,feather,2,7,low
492,Hope,gray,short,85,6.77,tuna,laser,7,1,medium
493,Rex,calico,medium,67,4.65,tuna,feather,8,3,low
494,Shadow,black,long,32,4.09,chicken,feather,3,1,medium
495,Socks,white,short,59,6.13,beef,feather,10,9,high
496,Wade,white,long,20,4.84,tuna,ball,4,10,high
497,Alba,orange,long,85,4.41,beef,ball,6,10,medium
498,Fiona,orange,short,78,7.13,salmon,feather,5,4,high
499,Sage,orange,medium,63,5.15,salmon,string,10,7,low
500,Grey,tabby,long,73,6.85,salmon,string,4,2,low
501,Mia,tabby,medium,89,4.68,beef,catnip,10,4,low
502,Sage,gray,short,53,7.12,turkey,string,10,1,medium
503,Tiger,white,long,19,4.95,turkey,laser,9,4,medium
504,Lark,black,medium,86,5.64,beef,feather,9,8,medium
505,Isla,orange,long,19,4.04,salmon,feather,9,5,low
506,Toby,calico,long,86,6.49,tuna,laser,8,7,low
507,Xara,white,medium,88,5.8,salmon,string,3,2,low
508,Stella,white,medium,115,3.52,chicken,feather,6,9,low
509,Maple,white,short,48,5.1,tuna,laser,6,10,low
510,Pike,tabby,medium,109,6.66,beef,laser,9,9,medium
511,Cash,orange,long,80,5.28,chicken,ball,1,9,high
512,Buttons,white,medium,34,4.96,beef,laser,5,6,medium
513,Smokey,calico,long,116,6.25,tuna,ball,2,7,medium
514,Gus,tabby,long,25,6.47,chicken,laser,10,10,low
515,Phoenix,orange,medium,34,4.39,turkey,feather,2,1,high
516,Duke,gray,medium,66,5.15,salmon,catnip,6,9,high
517,Ezra,gray,short,39,4.24,beef,feather,10,2,medium
518,Grey,orange,long,11,1.91,tuna,feather,6,9,low
519,Zeus,gray,short,118,7.27,chicken,ball,10,7,medium
520,Echo,tabby,medium,24,3.64,salmon,catnip,5,8,high
521,Tango,orange,medium,77,6.0,chicken,catnip,1,10,low
522,Cleo,black,medium,68,5.99,turkey,catnip,2,2,high
523,Halo,black,short,25,3.53,turkey,feather,10,1,high
524,Tess,calico,short,72,3.54,beef,string,8,10,high
525,Daisy,tabby,long,31,6.54,tuna,feather,7,4,low
526,Zephyr,calico,short,83,7.23,beef,feather,7,1,low
527,Angel,orange,short,45,5.19,beef,feather,3,2,high
528,Fiona,calico,medium,58,5.81,turkey,feather,6,10,medium
529,Buddy,calico,medium,101,4.53,turkey,string,3,9,high
530,Murphy,calico,medium,38,6.77,tuna,catnip,7,10,medium
531,Oliver,calico,long,114,4.35,beef,laser,6,7,high
532,Knox,orange,long,31,5.52,tuna,catnip,9,4,medium
533,Echo,black,short,45,5.36,salmon,catnip,2,3,high
534,Clover,tabby,long,81,7.84,turkey,catnip,2,10,high
535,Echo,orange,short,24,7.53,tuna,string,10,1,low
536,Ivan,orange,short,23,5.06,tuna,feather,10,4,medium
537,Isla,calico,long,40,6.92,turkey,catnip,3,9,high
538,Bailey,tabby,medium,80,7.09,turkey,catnip,5,9,medium
539,Hawk,white,medium,39,3.89,salmon,ball,8,10,low
540,Willow,white,short,59,7.35,tuna,ball,8,1,medium
541,Sage,gray,long,65,5.95,beef,laser,8,8,high
542,Bear,black,long,109,4.35,tuna,string,9,9,medium
543,Zephyr,black,medium,43,7.52,salmon,laser,6,5,low
544,Dusty,orange,medium,39,4.61,salmon,catnip,1,10,medium
545,Poppy,black,medium,37,5.01,salmon,string,2,10,medium
546,Dusty,orange,short,48,6.32,turkey,laser,5,10,high
547,Halo,white,long,113,5.58,chicken,laser,2,7,medium
548,Poppy,white,short,118,7.06,chicken,string,5,4,high
549,Cash,tabby,long,95,6.73,chicken,laser,2,2,high
550,Willa,black,long,72,3.87,turkey,ball,4,3,high
551,Jasmine,gray,short,42,6.41,chicken,catnip,5,7,high
552,Toby,gray,medium,21,4.75,turkey,feather,5,2,low
553,Zane,orange,medium,26,7.08,turkey,catnip,5,5,low
554,Coral,black,medium,98,6.14,salmon,catnip,2,4,low
555,Milo,calico,short,69,7.51,tuna,ball,10,1,low
556,Murphy,tabby,medium,83,3.74,tuna,catnip,10,7,high
557,Gage,black,short,78,5.18,salmon,feather,3,8,medium
558,Tate,white,short,112,7.73,beef,ball,10,6,low
559,Star,calico,long,21,4.04,turkey,string,3,5,high
560,Max,calico,short,78,6.57,beef,string,5,2,low
561,Willa,gray,medium,75,4.03,turkey,laser,2,2,high
562,Coco,orange,medium,104,7.77,salmon,feather,7,5,high
563,Tango,tabby,medium,72,3.76,tuna,ball,7,2,high
564,Penny,tabby,short,96,5.03,beef,feather,5,1,low
565,Uma,black,long,42,4.8,beef,catnip,4,4,medium
566,Sage,orange,short,87,5.92,salmon,catnip,4,2,medium
567,Jade,calico,short,90,6.06,chicken,laser,3,6,low
568,Tango,calico,short,23,4.93,chicken,string,10,6,low
569,Cleo,calico,long,42,6.77,salmon,feather,1,6,medium
570,Scout,gray,short,59,6.9,beef,laser,3,8,medium
571,Ginger,gray,medium,16,3.04,tuna,feather,3,1,high
572,Bella,tabby,short,62,7.89,chicken,feather,3,2,low
573,Gaia,gray,short,104,4.04,turkey,string,8,9,high
574,Maya,white,short,86,4.36,turkey,string,9,5,low
575,Muffin,calico,medium,101,4.28,chicken,catnip,5,9,high
576,Beau,tabby,short,71,4.47,tuna,ball,3,10,low
577,Quest,tabby,medium,54,4.59,beef,catnip,3,10,high
578,Brix,calico,medium,54,6.61,chicken,feather,5,10,low
579,Willa,tabby,long,102,4.59,turkey,string,7,6,high
580,Lucy,black,long,20,5.41,tuna,laser,4,1,high
581,Poppy,black,short,107,6.56,tuna,feather,10,2,low
582,Coco,white,short,103,4.13,turkey,string,3,7,medium
583,Roxy,tabby,short,82,5.98,beef,catnip,6,2,high
584,Wade,black,short,56,6.26,turkey,ball,8,8,medium
585,Bailey,orange,medium,36,5.11,beef,laser,6,9,high
586,Lux,white,short,84,4.53,turkey,string,5,3,low
587,Bliss,black,short,24,4.72,beef,ball,5,10,medium
588,Chester,tabby,long,13,5.16,salmon,catnip,8,7,high
589,Luna,white,medium,48,6.57,chicken,ball,5,1,low
590,Fern,tabby,medium,11,2.09,beef,laser,8,7,low
591,Oliver,tabby,long,104,4.18,beef,ball,4,9,low
592,Kiwi,black,long,82,3.73,chicken,feather,3,5,low
593,Axel,orange,short,6,3.0,tuna,catnip,7,5,low
594,Princess,black,short,59,7.41,salmon,feather,4,6,high
595,Princess,tabby,short,10,2.79,tuna,catnip,3,7,medium
596,Blue,calico,medium,45,4.54,beef,laser,8,10,medium
597,Ginger,black,short,10,3.32,turkey,catnip,9,10,low
598,Ace,orange,short,106,4.64,chicken,string,4,5,low
599,Lola,black,short,9,2.17,turkey,feather,3,4,high
600,Chester,black,medium,21,4.39,turkey,feather,3,4,low
601,Ryder,gray,long,85,4.8,beef,ball,5,3,low
602,Wade,white,long,83,6.68,beef,laser,9,3,low
603,Pumpkin,gray,long,80,5.68,beef,ball,4,5,high
604,Felix,black,long,38,6.09,chicken,ball,8,1,high
605,Noel,tabby,short,27,4.7,tuna,feather,2,6,high
606,Elle,tabby,short,111,6.97,turkey,catnip,10,5,low
607,Otis,tabby,medium,14,4.41,beef,string,7,9,high
608,Simba,calico,long,70,4.99,tuna,laser,9,6,medium
609,Quest,tabby,long,61,4.39,salmon,laser,3,3,low
610,Echo,black,medium,68,5.48,turkey,ball,4,8,medium
611,Dash,orange,medium,105,4.53,chicken,catnip,4,7,low
612,Dawn,black,short,13,4.97,turkey,string,9,10,low
613,Piper,white,medium,108,6.27,beef,laser,10,3,low
614,Willa,orange,medium,71,6.6,turkey,string,8,8,high
615,Willa,tabby,long,54,5.94,turkey,feather,1,2,medium
616,Oscar,calico,medium,23,3.09,tuna,feather,4,8,medium
617,Juno,orange,medium,43,5.97,salmon,feather,7,6,medium
618,Marble,orange,medium,88,3.65,turkey,ball,9,3,medium
619,Storm,black,short,105,6.8,tuna,string,10,3,low
620,Bliss,gray,long,18,3.75,salmon,feather,9,6,medium
621,Fluffy,white,short,77,6.0,turkey,feather,6,4,high
622,Tess,calico,short,106,4.22,salmon,string,9,4,high
623,Coco,calico,long,89,7.46,turkey,feather,1,10,low
624,Hank,black,long,55,5.2,tuna,string,6,7,medium
625,Raven,tabby,medium,84,4.26,tuna,feather,1,6,high
626,Felix,tabby,medium,41,7.8,beef,string,5,1,medium
627,Autumn,tabby,short,23,5.17,chicken,ball,10,3,medium
628,Phoenix,tabby,medium,102,4.0,beef,ball,7,7,medium
629,Willow,gray,long,88,3.94,turkey,laser,7,10,medium
630,Iris,gray,short,120,6.88,turkey,ball,10,10,high
631,Iris,tabby,short,65,6.43,beef,string,3,5,medium
632,Wade,black,medium,94,6.15,beef,catnip,4,9,medium
633,River,gray,short,32,5.42,turkey,string,4,2,medium
634,Dawn,white,short,118,5.82,chicken,ball,4,4,high
635,Zeus,orange,medium,33,3.52,salmon,laser,8,5,high
636,Socks,orange,medium,28,6.08,salmon,ball,5,4,low
637,Zoey,calico,medium,14,4.15,turkey,ball,6,3,low
638,Peach,tabby,short,28,3.9,turkey,laser,10,8,medium
639,Ember,gray,medium,56,5.09,chicken,feather,3,10,low
640,Mars,black,long,29,5.02,chicken,feather,2,5,medium
641,Skye,white,medium,101,7.81,chicken,feather,9,1,medium
642,Knox,calico,long,99,5.99,chicken,string,1,6,medium
643,Zane,calico,long,12,4.13,salmon,laser,7,9,low
644,Milo,gray,short,80,4.67,turkey,laser,10,8,medium
645,Brix,black,long,69,3.56,chicken,catnip,10,9,low
646,Jax,orange,medium,106,5.65,beef,laser,1,8,low
647,Sage,orange,long,41,4.61,salmon,string,6,4,medium
648,Ryder,gray,medium,104,5.57,salmon,laser,5,4,high
649,Rosie,gray,medium,42,5.05,beef,feather,1,4,medium
650,Opal,gray,medium,103,5.7,chicken,catnip,5,1,medium
651,Yuki,gray,long,87,3.57,turkey,ball,6,5,medium
652,Sage,orange,short,109,7.89,beef,ball,2,7,low
653,Coco,black,long,13,3.59,salmon,ball,9,7,low
654,Sadie,orange,medium,104,4.3,salmon,feather,2,5,medium
655,Vera,black,short,27,4.43,salmon,laser,5,3,low
656,Penny,orange,long,102,4.92,tuna,laser,5,1,medium
657,Harley,gray,long,66,6.14,beef,string,2,4,medium
658,Nala,tabby,short,40,6.2,turkey,laser,5,6,medium
659,Roxy,black,medium,53,5.14,chicken,laser,10,3,medium
660,Hank,white,short,62,6.17,salmon,ball,4,7,high
661,Nala,orange,long,92,4.1,tuna,feather,2,2,low
662,Max,calico,short,56,3.88,turkey,feather,7,4,medium
663,Titan,calico,long,35,7.98,beef,laser,2,8,low
664,Hazel,tabby,short,8,2.2,turkey,feather,5,9,medium
665,Bree,tabby,short,71,4.11,turkey,catnip,1,10,medium
666,Pumpkin,white,long,68,4.21,tuna,feather,7,10,low
667,Rex,white,medium,71,5.15,beef,catnip,5,7,high
668,Phoenix,black,short,39,4.57,salmon,ball,10,6,medium
669,Elle,black,short,71,5.53,chicken,catnip,5,6,medium
670,Sage,calico,long,87,4.61,beef,laser,1,9,high
671,Cash,calico,medium,29,6.72,turkey,string,8,6,low
672,Dusty,tabby,medium,24,6.72,turkey,laser,9,7,high
673,Maggie,tabby,short,76,6.12,turkey,laser,10,8,medium
674,Maya,calico,medium,32,4.59,salmon,string,2,7,low
675,Emma,gray,medium,77,4.24,salmon,string,3,10,high
676,Ace,gray,short,35,6.36,beef,laser,4,4,high
677,Rune,calico,medium,20,3.82,tuna,string,5,7,medium
678,Star,calico,long,90,7.17,salmon,laser,3,8,low
679,Kiwi,black,short,6,2.28,turkey,string,4,7,medium
680,Juno,tabby,medium,102,7.86,chicken,string,1,6,high
681,Jade,tabby,medium,42,3.64,turkey,ball,1,5,medium
682,Blaze,black,medium,54,6.55,chicken,feather,4,1,high
683,Stella,gray,medium,65,6.86,tuna,laser,5,3,high
684,Grey,orange,medium,116,6.89,salmon,string,1,10,high
685,Penny,black,medium,42,5.13,chicken,string,9,7,high
686,Buddy,tabby,long,42,6.14,tuna,catnip,5,3,medium
687,Sage,white,long,18,4.81,chicken,catnip,7,6,high
688,Blaze,black,long,75,7.16,chicken,string,2,6,medium
689,Ginger,black,medium,28,4.28,beef,catnip,4,7,high
690,Misty,gray,short,96,6.05,salmon,laser,4,4,low
691,Buttons,calico,medium,15,3.6,salmon,laser,7,3,high
692,Duke,black,long,41,3.83,tuna,laser,1,1,high
693,Opal,black,medium,39,4.66,turkey,catnip,4,1,high
694,Aspen,gray,medium,81,7.49,turkey,laser,8,3,medium
695,Yuki,gray,short,115,4.7,chicken,laser,10,9,low
696,Maya,tabby,long,120,6.96,chicken,feather,5,8,high
697,Koda,calico,short,51,4.39,turkey,laser,9,7,low
698,Patches,orange,short,66,5.63,turkey,laser,5,6,low
699,Brix,calico,long,63,5.7,chicken,catnip,1,10,low
700,Koda,calico,long,81,4.9,salmon,laser,9,5,low
701,Xara,white,long,27,5.82,turkey,string,9,4,low
702,Patches,orange,long,48,7.23,salmon,laser,10,6,low
703,Lane,gray,short,37,7.16,chicken,ball,9,8,low
704,Buddy,black,long,87,7.14,tuna,feather,9,9,low
705,Rusty,calico,long,43,4.12,tuna,ball,6,4,low
706,Fern,calico,long,34,3.51,beef,feather,3,5,low
707,Storm,gray,long,14,5.17,beef,feather,7,10,high
708,Fox,calico,long,27,4.97,salmon,ball,2,9,medium
709,Hope,black,medium,23,3.24,beef,feather,6,2,medium
710,Nash,orange,medium,56,5.89,chicken,laser,7,3,low
711,Stella,calico,short,59,6.36,turkey,ball,4,3,low
712,Nala,tabby,short,54,7.84,beef,feather,4,10,high
713,Sage,calico,medium,102,4.95,salmon,laser,6,9,high
714,Lane,orange,medium,45,6.11,salmon,laser,1,8,low
715,Bella,black,medium,25,6.17,chicken,ball,7,7,low
716,Indie,black,long,9,3.43,beef,laser,8,9,low
717,Maple,black,short,25,7.04,tuna,feather,2,5,high
718,Pumpkin,white,long,89,5.09,turkey,catnip,3,7,medium
719,Willa,orange,short,109,5.42,salmon,catnip,6,2,low
720,Peach,orange,long,24,7.9,salmon,catnip,2,1,high
721,Dawn,tabby,short,103,4.99,tuna,feather,10,3,low
722,Pickles,gray,short,37,6.5,salmon,string,2,4,medium
723,Onyx,calico,short,49,4.68,turkey,laser,1,8,medium
724,Oona,orange,long,81,4.25,tuna,laser,5,3,low
725,Socks,tabby,long,51,5.02,salmon,ball,1,2,medium
726,Faye,white,long,101,6.34,beef,feather,7,2,low
727,Pax,gray,long,57,5.34,tuna,laser,3,9,medium
728,Dex,white,medium,74,5.88,tuna,catnip,6,10,medium
729,Shadow,tabby,long,90,5.17,tuna,feather,1,3,medium
730,Gaia,black,short,111,6.39,beef,laser,3,10,medium
731,Pike,tabby,medium,51,4.88,tuna,ball,10,4,medium
732,Oscar,calico,long,73,7.19,beef,laser,4,2,high
733,Honey,tabby,medium,75,4.29,turkey,string,6,1,high
734,Yale,black,medium,86,6.66,tuna,string,5,5,medium
735,Molly,black,long,35,4.8,salmon,string,3,4,medium
736,Patches,white,medium,105,4.97,tuna,laser,1,10,low
737,Patches,orange,short,46,6.06,beef,catnip,1,2,low
738,Echo,white,medium,112,4.74,turkey,ball,8,5,low
739,Gage,orange,long,44,7.42,salmon,laser,2,10,high
740,Ivan,tabby,medium,77,5.05,turkey,laser,2,2,high
741,Knox,black,medium,33,5.37,salmon,laser,2,5,medium
742,Oscar,white,short,55,5.41,beef,ball,1,5,medium
743,Hank,gray,short,6,2.13,beef,ball,4,8,medium
744,Dawn,black,medium,52,4.74,beef,ball,2,6,low
745,Coda,calico,medium,68,7.32,beef,feather,3,2,medium
746,Skye,calico,medium,42,5.11,tuna,ball,4,9,high
747,Hazel,white,short,29,3.9,tuna,feather,9,3,high
748,Kira,tabby,medium,31,4.49,salmon,feather,10,2,medium
749,Leo,orange,medium,101,7.83,beef,feather,10,2,medium
750,River,tabby,short,19,4.71,tuna,catnip,4,4,medium
751,Duke,orange,long,15,4.52,salmon,string,5,5,high
752,Fox,calico,short,119,5.54,beef,feather,10,6,high
753,Max,gray,medium,10,3.07,salmon,catnip,10,7,high
754,Ezra,black,long,45,6.83,turkey,string,8,7,high
755,Zoe,white,long,105,5.86,salmon,string,9,4,high
756,Pike,black,short,111,7.86,salmon,ball,4,9,low
757,Autumn,tabby,medium,115,5.59,beef,feather,5,3,medium
758,Zara,black,medium,51,5.78,tuna,string,2,10,low
759,Socks,tabby,medium,18,3.63,salmon,feather,10,4,medium
760,Wren,gray,short,94,7.38,turkey,string,5,1,medium
761,Gaia,calico,long,64,4.42,salmon,string,1,1,medium
762,Felix,calico,long,61,6.94,salmon,string,9,3,low
763,Peanut,white,short,27,7.29,chicken,laser,4,4,medium
764,Storm,calico,medium,45,3.97,turkey,catnip,6,2,low
765,Maya,white,long,16,4.67,turkey,catnip,8,6,high
766,Willa,tabby,long,43,4.64,chicken,ball,6,9,low
767,Uma,tabby,short,99,7.22,chicken,feather,8,10,medium
768,Tess,gray,medium,70,6.86,salmon,string,5,6,medium
769,Autumn,calico,medium,10,1.7,chicken,laser,7,10,medium
770,Gage,tabby,medium,70,5.56,turkey,ball,8,10,medium
771,Jasmine,black,long,24,7.41,tuna,feather,10,1,low
772,Tiger,calico,short,94,5.83,tuna,feather,6,2,low
773,Vale,calico,long,105,4.74,beef,catnip,9,10,low
774,Angel,calico,long,52,3.55,chicken,catnip,9,4,medium
775,Yale,calico,medium,87,6.68,chicken,catnip,8,2,low
776,Snowball,white,short,71,4.03,salmon,catnip,6,3,medium
777,Autumn,black,long,113,6.73,beef,string,4,10,medium
778,Nash,orange,short,63,4.93,turkey,ball,5,2,high
779,Nash,gray,long,47,7.17,chicken,laser,6,1,low
780,Alba,white,short,117,5.61,beef,laser,9,1,high
781,Gracie,tabby,long,69,6.05,beef,laser,10,9,low
782,Bailey,calico,long,23,3.3,salmon,feather,5,6,medium
783,Willa,tabby,short,99,5.75,tuna,catnip,4,4,medium
784,Sage,gray,long,97,3.97,chicken,ball,4,3,low
785,Emma,calico,medium,94,5.19,chicken,catnip,6,3,high
786,Hazel,black,short,7,2.26,turkey,catnip,1,8,low
787,Rusty,orange,short,29,6.82,turkey,string,9,1,medium
788,Simba,black,long,13,5.39,salmon,laser,6,3,medium
789,Mittens,tabby,medium,95,6.49,salmon,ball,7,4,medium
790,Wren,orange,medium,41,4.91,beef,string,8,4,medium
791,Quest,black,long,97,5.18,beef,string,2,8,low
792,Blaze,tabby,long,45,7.17,chicken,feather,6,6,low
793,Alba,tabby,medium,59,7.27,tuna,feather,5,6,low
794,Peanut,black,medium,78,6.87,tuna,ball,7,1,medium
795,Hank,orange,medium,72,5.35,tuna,catnip,7,2,high
796,Yale,tabby,medium,42,5.64,chicken,laser,8,4,high
797,Ziggy,tabby,medium,22,3.22,salmon,feather,10,8,low
798,Zoe,calico,long,28,5.84,salmon,laser,6,2,high
799,Coco,white,medium,36,6.57,tuna,ball,2,6,high
800,Autumn,gray,medium,12,5.49,tuna,string,8,3,low
801,Wren,tabby,short,69,4.23,chicken,laser,4,9,medium
802,Nora,gray,medium,55,6.76,turkey,laser,5,8,low
803,Poppy,calico,short,24,5.47,turkey,catnip,6,1,high
804,Luna,black,long,48,4.25,chicken,laser,5,3,high
805,Marble,black,medium,21,5.15,beef,catnip,10,7,high
806,Pike,gray,long,46,7.61,beef,string,5,2,low
807,Cooper,black,short,10,2.81,chicken,string,6,2,high
808,Tucker,white,short,58,4.2,beef,feather,1,1,high
809,Snowball,gray,long,44,6.13,turkey,catnip,2,5,medium
810,Zara,tabby,long,47,5.25,turkey,ball,4,2,medium
811,Yuki,calico,medium,16,5.01,chicken,laser,9,2,high
812,Dex,calico,short,89,6.62,salmon,laser,2,6,medium
813,Archer,white,long,78,6.01,tuna,catnip,2,3,low
814,Bella,black,long,89,5.95,salmon,laser,7,3,low
815,Poppy,gray,short,105,6.49,salmon,feather,1,4,medium
816,Blue,black,long,11,3.42,chicken,laser,5,6,low
817,Charlie,gray,short,81,3.76,beef,laser,9,5,high
818,Muffin,gray,long,32,6.64,tuna,string,2,9,low
819,Oscar,calico,short,48,7.51,beef,string,8,7,high
820,Abby,tabby,medium,27,7.94,tuna,string,3,6,high
821,Patches,tabby,long,79,3.82,chicken,catnip,6,10,medium
822,Bandit,tabby,long,63,6.97,salmon,feather,3,1,medium
823,Jax,white,short,84,3.51,tuna,ball,10,7,high
824,Emma,black,medium,21,4.38,tuna,catnip,4,4,high
825,Patches,black,short,100,7.11,salmon,laser,4,1,low
826,Buddy,white,medium,99,6.62,beef,feather,7,7,low
827,Rocky,calico,short,23,4.61,tuna,catnip,7,1,high
828,Vera,gray,medium,62,3.89,beef,catnip,8,4,low
829,Jack,black,long,53,3.76,tuna,ball,9,3,medium
830,Abby,tabby,medium,27,6.72,turkey,laser,7,5,low
831,Cash,orange,short,83,5.82,salmon,feather,7,7,high
832,Whiskers,tabby,long,80,3.58,beef,ball,6,8,high
833,Kira,calico,medium,107,3.71,chicken,ball,2,7,low
834,Sunny,white,medium,26,3.96,beef,string,1,5,low
835,Beau,calico,long,75,4.77,salmon,catnip,1,4,low
836,Stella,orange,long,104,4.98,beef,string,10,4,low
837,Yale,black,medium,24,7.5,salmon,catnip,1,1,medium
838,Dash,gray,medium,24,3.92,chicken,laser,1,7,low
839,Fox,tabby,medium,11,3.11,tuna,laser,3,7,low
840,Bandit,orange,short,28,6.8,tuna,feather,8,3,low
841,Xena,tabby,short,103,7.45,chicken,catnip,8,7,high
842,Cooper,white,medium,88,6.95,chicken,laser,3,5,high
843,Cara,black,long,49,6.42,beef,ball,9,10,low
844,Kira,white,medium,26,5.45,salmon,string,6,7,low
845,Murphy,tabby,long,106,6.11,tuna,string,9,7,high
846,Chester,calico,long,87,4.21,turkey,laser,5,7,medium
847,Autumn,orange,short,40,7.27,tuna,string,8,5,low
848,Storm,black,medium,116,4.44,turkey,catnip,1,9,medium
849,Toby,tabby,medium,61,6.33,salmon,laser,4,6,medium
850,Uma,gray,long,56,3.94,tuna,ball,10,7,medium
851,Sage,calico,short,92,5.4,salmon,laser,10,7,low
852,Ziggy,orange,medium,28,6.81,salmon,ball,6,7,medium
853,Ace,white,long,101,3.78,chicken,string,7,5,low
854,Honey,white,medium,106,7.09,beef,catnip,4,4,high
855,Otis,gray,long,54,4.56,chicken,catnip,1,4,high
856,Pumpkin,calico,medium,43,4.99,chicken,feather,5,9,low
857,Zara,orange,long,6,2.61,beef,ball,6,7,medium
858,Vera,black,short,106,4.77,chicken,laser,2,2,high
859,Vega,white,short,103,6.02,tuna,string,4,10,low
860,Harley,calico,medium,52,4.89,beef,feather,2,5,low
861,Vera,calico,short,48,7.76,chicken,feather,10,3,low
862,Stella,white,short,98,7.95,turkey,feather,3,4,low
863,Harley,tabby,short,10,2.13,chicken,ball,7,8,medium
864,Ziggy,orange,long,13,4.4,tuna,string,9,7,medium
865,Titan,calico,medium,67,4.5,tuna,string,4,8,high
866,Mango,black,long,49,6.34,salmon,laser,6,2,medium
867,Ryder,white,short,6,2.67,salmon,string,5,4,low
868,Autumn,gray,short,92,6.24,turkey,ball,5,3,medium
869,Finn,orange,short,6,1.95,salmon,string,8,3,medium
870,Quinn,gray,short,89,6.29,turkey,feather,8,7,high
871,Oscar,tabby,medium,40,5.48,salmon,catnip,8,4,medium
872,Gaia,calico,long,73,5.92,tuna,string,7,7,low
873,Smokey,calico,long,94,3.96,salmon,ball,6,10,high
874,Elle,orange,medium,84,3.65,beef,laser,1,3,high
875,Lucky,orange,long,13,5.0,chicken,string,3,4,high
876,Ziggy,orange,short,87,7.23,salmon,feather,8,9,medium
877,Ivan,black,long,9,2.46,salmon,laser,9,3,medium
878,Ziggy,black,short,40,5.12,turkey,laser,1,8,medium
879,Yara,orange,long,71,7.77,beef,feather,4,9,medium
880,Sage,orange,long,38,5.19,chicken,feather,6,6,high
881,Buttons,gray,long,119,4.81,turkey,catnip,9,1,high
882,Orion,black,short,45,4.09,chicken,feather,5,4,medium
883,Bandit,white,short,16,3.91,chicken,string,1,4,low
884,Gage,gray,short,110,3.71,turkey,string,9,2,high
885,Bear,orange,medium,16,3.39,chicken,string,1,5,high
886,Murphy,orange,short,24,6.75,tuna,feather,1,2,high
887,Hawk,white,short,41,6.28,chicken,string,2,5,high
888,Nash,tabby,short,65,7.27,beef,catnip,8,8,medium
889,Yale,orange,medium,28,7.77,turkey,ball,1,8,medium
890,Sage,black,medium,35,7.95,turkey,feather,9,2,high
891,Isla,black,long,71,6.81,tuna,laser,7,7,medium
892,Ryder,black,short,24,5.21,salmon,ball,5,7,medium
893,Fox,tabby,medium,16,3.83,beef,feather,7,4,high
894,Rain,black,short,77,3.63,tuna,ball,9,6,high
895,Yale,gray,short,89,7.03,salmon,catnip,3,5,low
896,Star,gray,long,59,4.01,tuna,catnip,7,3,high
897,Mars,orange,short,104,4.76,turkey,ball,8,6,low
898,Vera,gray,short,39,7.52,salmon,ball,8,5,high
899,June,orange,long,79,3.59,turkey,string,8,3,medium
900,Archer,orange,short,32,6.52,turkey,catnip,6,2,low
901,Beau,calico,short,8,3.4,tuna,string,9,10,low
902,Hazel,calico,short,36,6.27,beef,feather,2,6,high
903,Roxy,black,short,66,6.72,salmon,string,8,3,low
904,Finn,white,short,114,5.22,salmon,laser,10,10,low
905,Max,tabby,short,30,5.31,salmon,catnip,3,4,low
906,Axel,calico,long,7,1.99,tuna,catnip,9,3,high
907,Star,orange,short,52,6.15,turkey,ball,1,3,low
908,Iris,orange,long,77,4.77,salmon,ball,9,1,medium
909,Juno,calico,short,8,1.79,chicken,string,7,10,high
910,Lucy,gray,medium,11,2.54,salmon,laser,5,3,high
911,Angel,orange,short,67,6.35,turkey,catnip,5,2,low
912,Willa,white,long,38,7.28,chicken,ball,9,5,high
913,Isla,orange,short,83,4.13,chicken,string,6,4,low
914,Princess,tabby,medium,7,3.29,turkey,laser,3,5,medium
915,Biscuit,white,medium,36,6.1,tuna,ball,2,2,low
916,Iris,white,long,17,4.15,turkey,string,3,9,high
917,Axel,orange,short,47,4.99,chicken,catnip,1,5,medium
918,Isla,white,long,117,7.45,tuna,catnip,3,2,medium
919,Peanut,tabby,long,13,3.34,beef,catnip,7,3,low
920,Hawk,calico,medium,35,3.96,tuna,laser,7,2,medium
921,Ziggy,tabby,long,91,5.79,turkey,string,7,1,high
922,Clover,calico,medium,62,7.76,turkey,catnip,4,5,low
923,Otis,gray,short,92,6.93,tuna,ball,3,2,low
924,Jax,black,long,51,6.11,salmon,feather,3,8,medium
925,Jasmine,orange,medium,76,5.92,beef,ball,6,10,medium
926,Pepper,black,short,67,3.9,salmon,ball,8,5,low
927,Rex,black,medium,94,6.79,tuna,laser,8,9,low
928,Uma,calico,long,117,5.79,turkey,laser,4,1,medium
929,Daisy,orange,medium,69,3.95,beef,feather,7,5,medium
930,Dash,white,medium,30,3.85,chicken,feather,6,1,high
931,Wade,tabby,medium,120,5.59,turkey,string,10,2,high
932,Kiwi,black,short,117,7.26,chicken,feather,2,8,medium
933,Misty,black,long,102,3.89,beef,laser,1,7,high
934,Snowball,gray,medium,44,4.78,turkey,laser,9,7,high
935,Isla,orange,medium,18,4.44,chicken,ball,8,8,medium
936,Coral,white,long,7,2.79,salmon,laser,6,2,low
937,Marble,calico,long,103,5.85,turkey,feather,8,3,low
938,Onyx,gray,short,27,4.65,salmon,laser,3,9,low
939,Dusty,gray,medium,20,4.96,tuna,feather,8,9,high
940,Pickles,white,short,81,7.45,salmon,ball,2,8,medium
941,Bear,calico,short,87,5.23,tuna,ball,5,9,medium
942,Snowball,orange,short,110,7.87,beef,string,5,3,high
943,Titan,calico,long,17,3.5,tuna,feather,9,5,high
944,Sage,white,long,42,6.41,chicken,ball,1,3,low
945,Toby,gray,long,117,5.13,tuna,ball,5,1,medium
946,Pike,tabby,medium,52,3.9,tuna,catnip,9,5,high
947,Bree,calico,medium,94,7.91,beef,string,2,2,high
948,Max,white,long,75,5.21,chicken,laser,4,9,medium
949,Sage,gray,medium,14,3.74,tuna,feather,3,7,medium
950,Pepper,orange,long,10,3.04,chicken,feather,1,8,high
951,Duke,orange,short,87,4.46,turkey,ball,9,1,high
952,Penny,orange,short,103,5.25,chicken,ball,6,9,low
953,Uma,calico,long,20,5.39,beef,feather,2,2,medium
954,Wren,tabby,long,33,6.4,chicken,laser,8,10,medium
955,Halo,black,long,70,5.77,turkey,string,2,1,low
956,Lux,tabby,long,100,4.07,turkey,catnip,7,8,high
957,Ginger,black,medium,62,6.1,salmon,feather,1,3,medium
958,Misty,tabby,medium,97,7.68,chicken,catnip,10,3,high
959,Muse,calico,long,71,6.42,tuna,ball,5,2,medium
960,Sadie,tabby,medium,36,5.81,chicken,feather,6,3,medium
961,Noel,calico,short,63,4.02,turkey,laser,9,4,high
962,Zara,tabby,medium,21,4.09,chicken,catnip,6,2,medium
963,Zara,gray,medium,46,6.28,turkey,string,5,4,medium
964,Angel,black,medium,35,5.85,tuna,laser,8,3,medium
965,Halo,orange,medium,116,7.35,salmon,feather,6,6,high
966,Tate,calico,long,62,3.6,turkey,laser,2,6,medium
967,Maple,white,long,57,4.42,salmon,string,5,4,low
968,Xena,tabby,medium,44,7.4,beef,string,6,4,low
969,Lane,calico,short,73,4.79,chicken,feather,10,9,low
970,Mars,white,short,115,7.42,turkey,catnip,9,10,low
971,Zephyr,white,short,110,7.31,salmon,catnip,5,4,low
972,Coral,orange,short,101,5.71,chicken,feather,10,10,medium
973,River,orange,long,74,5.45,tuna,ball,8,5,high
974,Mittens,calico,short,12,5.32,turkey,ball,1,7,low
975,Ryder,tabby,medium,87,4.04,turkey,laser,5,7,high
976,Storm,gray,long,79,5.85,tuna,ball,4,9,low
977,Sage,black,long,14,3.86,beef,ball,3,3,low
978,Uma,tabby,long,49,3.66,beef,string,10,5,medium
979,Murphy,white,medium,16,5.2,tuna,feather,7,3,high
980,Milo,orange,medium,27,3.53,tuna,catnip,9,10,low
981,Jasper,orange,short,80,5.29,chicken,string,2,5,low
982,Oreo,calico,long,101,5.06,tuna,ball,10,3,medium
983,Patches,tabby,long,16,3.91,salmon,feather,6,8,medium
984,Bliss,gray,medium,24,7.68,turkey,catnip,2,1,medium
985,Murphy,calico,short,35,4.22,salmon,catnip,10,7,medium
986,Vale,tabby,medium,98,5.82,chicken,string,5,6,low
987,Cleo,orange,long,7,2.83,beef,laser,2,1,high
988,Knox,gray,long,68,6.72,turkey,catnip,1,2,high
989,Gage,tabby,medium,16,4.18,chicken,laser,8,10,high
990,Princess,gray,long,85,4.66,beef,feather,1,2,high
991,Murphy,gray,short,104,6.97,turkey,laser,4,2,medium
992,Plum,white,medium,24,4.25,tuna,catnip,10,1,high
993,Jasper,white,short,72,5.84,chicken,feather,2,8,medium
994,Dawn,white,medium,107,4.14,salmon,ball,4,3,medium
995,Grey,black,long,63,7.67,salmon,feather,10,9,high
996,Fluffy,white,short,43,5.93,turkey,ball,10,5,high
997,Lane,white,medium,76,6.57,tuna,string,6,7,high
998,Star,gray,medium,10,1.91,salmon,laser,3,3,medium
999,Scout,black,long,63,5.4,salmon,catnip,1,2,high
1000,Piper,white,medium,21,4.49,tuna,string,7,1,high
